seed,split_type,feature,model_name,train_mse,train_rmse,train_mae,train_r2,val_mse,val_rmse,val_mae,val_r2,test_mse,test_rmse,test_mae,test_r2
1,scaffold,descriptors_basic,rf_reg,0.040488635548962953,0.2012178807883707,0.14124744510228346,0.930388077088093,0.30825185164248664,0.5552043332346089,0.43887772023809524,0.3866069470661845,0.2582865603711321,0.508219008274122,0.38962495299145283,0.591555020772951
1,scaffold,descriptors_basic,xgb_reg,0.0026725395559288527,0.05169661068125117,0.008223109720848323,0.9954051151632076,0.35116207151968115,0.5925892941318474,0.4438626451151794,0.30121952560452603,0.26309352203765135,0.5129264294590905,0.361506820669732,0.5839534663010284
1,scaffold,maccs,rf_reg,0.03723068470571443,0.19295254521698965,0.1356145162325049,0.9359894568302366,0.3925863661404298,0.6265671281997084,0.4757991999555996,0.21878895979394042,0.27856171913454414,0.5277894647816913,0.40869584074259074,0.5594926215987641
1,scaffold,maccs,xgb_reg,0.004585683004693943,0.0677176712881796,0.02018800740137405,0.9921158565238593,0.48009475470212754,0.6928887029690465,0.5245508977566787,0.04465525279050775,0.29782960124665386,0.545737667058683,0.4169137861713384,0.5290230931117934
1,scaffold,descriptors_basic,lgbm_reg,0.0037205085752251145,0.060995971795071144,0.023089185169525937,0.9936033468991945,0.34534014367055155,0.5876564844112175,0.444047815803323,0.31280463070060116,0.30210509176266553,0.549640875265537,0.3824673883488257,0.5222619878011316
1,scaffold,morgan,svm_reg,0.0644939922659916,0.25395667399379684,0.1576262193204912,0.8891157788591785,0.3178666999474703,0.5637966831646585,0.436257184070988,0.36747427641436425,0.3021850555641873,0.549713612314801,0.4177797431987489,0.5221355359516644
1,scaffold,morgan,lgbm_reg,0.008886774018909848,0.0942696876992273,0.05384444066207638,0.9847210107341902,0.4015354063020145,0.633668214684952,0.4621501045514663,0.2009811865841682,0.3027379785785828,0.5502163016292618,0.4209069894567142,0.5212611635925125
3,scaffold,maccs,xgb_reg,0.005283883226699785,0.07269032416147135,0.018427245124185636,0.9911736408774021,0.2539191213420254,0.5039038810547358,0.35681388246844403,0.41456019559674595,0.3489866360726319,0.59075090865155,0.3780168416662447,0.5162954512998061
1,scaffold,maccs,lgbm_reg,0.0069001068977633554,0.08306688207561035,0.041343195205929203,0.9881366782817327,0.4424344593964381,0.6651574696238765,0.5263553912877739,0.11959580347611443,0.3068000424696924,0.5538953353023407,0.43513818619792216,0.5148375633895472
1,scaffold,morgan,xgb_reg,0.007727085316898179,0.0879038413091156,0.05730922411264803,0.9867148581294333,0.4075202899020855,0.6383731588202041,0.4692603095755913,0.18907181441546872,0.30907665238482845,0.5559466272807386,0.42554129626410886,0.5112374152124228
3,scaffold,maccs,lgbm_reg,0.0077716231754366445,0.08815681014780789,0.04074619436147098,0.9870180444629638,0.26833412879693164,0.5180097767387519,0.3780084872879238,0.38132473424090585,0.3559887311686945,0.596647912230232,0.40369400988697723,0.5065903654933346
3,scaffold,maccs,rf_reg,0.04065890220212395,0.20164052718172493,0.14302083725277992,0.9320821341105461,0.23317692900747863,0.4828839705431095,0.33180667607340236,0.46238371104942777,0.3679594210018298,0.6065965883532728,0.42460330928689866,0.4899986782341077
1,scaffold,morgan,rf_reg,0.042682217051644045,0.2065967498574071,0.14725477507890217,0.9266166626060969,0.33910385105747665,0.5823262410861085,0.41879356835317455,0.3252142838609632,0.32690575073127004,0.5717567233809061,0.4337171663614164,0.48304312708033614
3,scaffold,maccs,svm_reg,0.12338475637370624,0.35126166368350853,0.2290865121214829,0.793894353208716,0.25963649005360273,0.5095453758534196,0.3631555493541763,0.40137814297102625,0.37490430969611493,0.6122942999049681,0.4453771666195352,0.4803728819874482
3,scaffold,descriptors_basic,rf_reg,0.04284208256377421,0.20698329054243536,0.14939958238901627,0.9284352832861452,0.23080065098629346,0.4804171635009447,0.35970626964160907,0.46786249394918633,0.37516925685170854,0.6125106177460996,0.43196132835820883,0.4800056583431046
3,scaffold,descriptors_basic,xgb_reg,0.0039482038529445995,0.06283473444636016,0.009267271698957835,0.9934048002955056,0.2558956840202887,0.5058613288444658,0.3791268463274054,0.41000300249668564,0.3760739957035284,0.6132487225453702,0.3896544060929775,0.4787516667778804
2,scaffold,maccs,ridge,0.22756707061383447,0.4770399046346484,0.37317079182908347,0.617516967000433,0.4298251944358991,0.6556105508881771,0.5166868727926637,0.17199487386525636,0.2718105916417343,0.5213545738187537,0.42393785748238627,0.4649777881008267
1,scaffold,maccs,svm_reg,0.10907198583796827,0.33026048179878903,0.21331319888585928,0.812473041705261,0.36417436973651157,0.6034686153699391,0.47570124074932424,0.2753262396879046,0.3392226835701456,0.5824282647418012,0.45770906088802266,0.46356557714399105
4,scaffold,descriptors_basic,xgb_reg,0.0026821199753028577,0.05178918782239067,0.008635212071608597,0.9952166405474097,0.41935917108563453,0.6475794708648773,0.49045766680319186,0.36514566942711846,0.3483957849400648,0.5902506119777131,0.4002590647496982,0.4621595165691039
3,scaffold,morgan,svm_reg,0.06981911637736772,0.26423307207344,0.16413724153395443,0.8833720261539546,0.2721937807467548,0.5217219381497723,0.3691207205696743,0.3724258617549482,0.3936916235029841,0.6274485026701268,0.462354814328706,0.45433317671819184
4,scaffold,maccs,rf_reg,0.03654028099298981,0.19115512285311584,0.13798468319325125,0.9348331543340496,0.47301836564404115,0.6877633064100186,0.5315266869302198,0.28391274455208115,0.3544764420494284,0.5953792422056956,0.4464191754712301,0.4527724237836954
3,scaffold,morgan,xgb_reg,0.006668975796292615,0.08166379734186144,0.04484355782263104,0.9888599401552717,0.3517146586462274,0.5930553588377964,0.4250650459140211,0.18908131110673687,0.3964807612974735,0.629667182960549,0.4354893733258012,0.4504673592378188
4,scaffold,maccs,lgbm_reg,0.007666427743506657,0.0875581392190735,0.04395616044390447,0.9863275021430157,0.5343157251286109,0.7309690315797318,0.5519114585660938,0.19111664802051098,0.3572467877922222,0.5977012529618975,0.4305190898807131,0.4484956668366179
1,scaffold,descriptors_basic,svm_reg,0.24841733976870642,0.4984148269952514,0.3489179852640242,0.5728972223564315,0.28995951475209825,0.5384788897924395,0.43706174084060045,0.42300702807365453,0.35604918007635,0.596698567181412,0.4686257632839481,0.4369567671228066
4,scaffold,morgan,xgb_reg,0.007460773273615857,0.08637576786122285,0.05608244121941738,0.9866942714380427,0.3522645384882873,0.5935187768624404,0.4644093678306545,0.46671807084223904,0.3652411701840635,0.6043518595851787,0.42406117157952394,0.43615423598061875
4,scaffold,descriptors_basic,svm_reg,0.23193217966439988,0.48159337585186934,0.3413265818167714,0.5863663839898469,0.470837911416578,0.6861762976207922,0.5587800734103571,0.2872136639175439,0.36599040493860047,0.604971408364561,0.43243046379367023,0.43499759517150927
4,scaffold,maccs,svm_reg,0.10857951111171053,0.3295140529806135,0.21560292880991203,0.8063566001460505,0.44279133490545103,0.6654256794755151,0.5079216972416822,0.3296724719835219,0.3687303751336294,0.6072317310003071,0.44078239707401107,0.4307677308678004
2,scaffold,descriptors_basic,svm_reg,0.2386613234220059,0.48852975694629486,0.3420712737692773,0.5988703172391674,0.3843376877586565,0.6199497461558127,0.47753064100867004,0.25962093485797055,0.2910734845170827,0.5395122654000395,0.4234854726205893,0.4270614012098778
4,scaffold,descriptors_basic,rf_reg,0.03774226322006397,0.19427368123362457,0.13601619175757598,0.9326895093440183,0.40944367485251193,0.639877859323568,0.5162145887681158,0.38015641953681745,0.3712006100065671,0.6092623490800717,0.4223468556547618,0.42695427394415464
1,scaffold,descriptors_basic,ridge,0.3547775971937797,0.5956320988611844,0.4630394009190299,0.39003252611812056,0.2946274173938955,0.5427959261028913,0.43446510739662225,0.41371832782094486,0.3634404263786245,0.6028602046732099,0.47027199027195504,0.4252685188529136
4,scaffold,descriptors_basic,ridge,0.333168224887269,0.5772072633701598,0.4452753672370589,0.40581950379109955,0.4869923068383495,0.6978483408580617,0.5835892227211983,0.262758045444366,0.37302337160924826,0.6107563930154545,0.4797222731683148,0.4241403622266695
3,scaffold,descriptors_basic,ridge,0.37742165044887777,0.6143465231031081,0.4784529169942581,0.3695434049957169,0.23721751023365023,0.4870498026215083,0.38942548515762243,0.45306768526049535,0.420539156556174,0.648489904744996,0.5057945316601223,0.4171217980667067
3,scaffold,morgan,lgbm_reg,0.008770072370249701,0.09364866454066337,0.05269186421056719,0.9853502045844142,0.3320624382245178,0.5762485906486173,0.38564977380293486,0.2343917706694807,0.42123455692577383,0.6490258522784542,0.45240310865392236,0.4161579550791109
4,scaffold,morgan,svm_reg,0.06597224250122699,0.25685062293330535,0.15976746732286223,0.8823434623795336,0.33998423087955204,0.5830816674185119,0.4518828061942855,0.4853088326610159,0.38188631015795677,0.6179695058479477,0.43352288680957507,0.410458086608795
3,scaffold,fp2,xgb_reg,0.00404656592823374,0.06361262396909705,0.009172631634476333,0.9932404932956538,0.34109968908965377,0.584037403844697,0.42218411956732194,0.21355534704425194,0.4256908992761405,0.6524499208951906,0.4677405572859848,0.4099813487491508
4,scaffold,descriptors_basic,lgbm_reg,0.00448231531987973,0.0669500957421252,0.02445264562548878,0.992006127409563,0.4040262604400116,0.6356306006164364,0.49062692639339345,0.38835766857920806,0.38295974887787715,0.6188374171604988,0.45444241426245996,0.4088009517495006
4,scaffold,maccs,xgb_reg,0.0050861447040148194,0.07131721183567695,0.02216274464137076,0.9909292430721917,0.49017447450581014,0.7001246135551943,0.5176038995194856,0.2579406643934963,0.38438980926712707,0.6199917816125687,0.44395838331023696,0.4065932775917266
2,scaffold,descriptors_basic,ridge,0.3553574365470817,0.5961186430125145,0.46128188016038546,0.4027334896790815,0.3591004276214586,0.5992498874605307,0.48547842805804214,0.3082373980939622,0.30232767728847115,0.5498433206727814,0.44163140191417416,0.4049090521298818
3,scaffold,descriptors_basic,lgbm_reg,0.005291270114495142,0.07274111708308542,0.02420424968399918,0.9911613015955364,0.25884033793483097,0.5087635383307564,0.36952135133807507,0.4032137634561064,0.43125780702502925,0.6567022209685522,0.4372468350093971,0.4022654699102506
0,scaffold,descriptors_basic,ridge,0.3584036305870016,0.5986682141111231,0.4661926237648308,0.38084471532648334,0.29082275325680323,0.5392798468854582,0.4273409435528644,0.4906762346646243,0.350009634723458,0.5916161210814476,0.4858372560658461,0.3980782939361638
3,scaffold,morgan,rf_reg,0.04489651121818025,0.21188796855456482,0.15062648570367548,0.9250035032263749,0.288749409145931,0.5373540817244539,0.38332224378556445,0.33425495205519673,0.43564711698400205,0.660035693719667,0.4699500753375976,0.39618177221711504
2,scaffold,maccs,svm_reg,0.11027041463589259,0.3320698942028509,0.2145809859834034,0.8146631561135366,0.3492904145402551,0.5910079648704026,0.4603307791126755,0.327135176129858,0.30789595533583686,0.5548837313670647,0.43039832946489276,0.39394865349575514
2,scaffold,morgan,xgb_reg,0.0064368281040308815,0.08022984546931947,0.04982707861330668,0.9891813102419181,0.39656067016225927,0.6297306330188006,0.4939752147420154,0.23607486957875812,0.30919564350910417,0.556053633662351,0.4496938212282622,0.39139039394802866
3,scaffold,descriptors_basic,svm_reg,0.2451782797442879,0.4951548038182482,0.35723923065630514,0.5904467503844785,0.23639723059932352,0.4862069832893431,0.36358940143382,0.454958934513951,0.44256006103006285,0.6652518778854087,0.49183205212863784,0.386600252083222
3,scaffold,maccs,knn_reg,0.21221997647058824,0.4606733945764485,0.3402882352941176,0.6455013017975796,0.35968862893081754,0.5997404679782894,0.41201257861635215,0.17069640342804449,0.4438998805970149,0.6662581185974509,0.5215223880597015,0.3847432273379038
2,scaffold,descriptors_basic,rf_reg,0.038645390602421455,0.19658430914602887,0.13867849118165798,0.9350468142460303,0.3546304895179229,0.5955085973501331,0.47696642648592286,0.3168481815267248,0.3129537889571495,0.5594227283165651,0.4235220909737033,0.3839929953473801
1,scaffold,maccs,knn_reg,0.20839833155080215,0.45650666101471304,0.32525133689839575,0.6417017171808337,0.38172649999999997,0.6178401896930953,0.50855,0.24039910231485773,0.3900713333333334,0.6245569096033871,0.482025641025641,0.38315537048668036
1,scaffold,fp2,rf_reg,0.045008575029007354,0.21215224493039747,0.15325685915302767,0.9226169661483123,0.4094538157658739,0.6398857833753411,0.4657555669642857,0.18522427440493472,0.39421464475827317,0.6278651485456676,0.49852403225478215,0.37660328838663204
4,scaffold,morgan,rf_reg,0.04306734673717647,0.207526737403103,0.1471958434708996,0.9231926229959209,0.3700650076096539,0.6083296866088765,0.4775965005175981,0.43977051445835635,0.4046975913716796,0.6361584640415308,0.4714814389542748,0.3752428772233616
2,scaffold,descriptors_basic,xgb_reg,0.0026289874629744103,0.051273652717301214,0.007815253319531723,0.9955813330292298,0.4094070657188546,0.6398492523390604,0.49518823639285775,0.2113278758917655,0.3186000845720461,0.5644467065826907,0.4188479195760369,0.37287902973377984
3,scaffold,fp2,svm_reg,0.08563093965123991,0.2926276467650313,0.18346888030955685,0.8569594760254737,0.3416837541609359,0.5845372136664491,0.42358162863407345,0.21220871769517813,0.45806738565108185,0.6768067565051946,0.5216026779550103,0.3651066970813156
3,scaffold,fp2,rf_reg,0.048183380004791734,0.2195071297356688,0.16111435436720148,0.919513017715095,0.32040741025193714,0.5660454135950023,0.421903354697015,0.26126378117628757,0.4587169392905976,0.6772864529064475,0.5207310867093103,0.36420639885329653
3,scaffold,fp2,lgbm_reg,0.004190539997947438,0.06473438033956483,0.012262465932715252,0.9929999946341365,0.3302581538067525,0.5746809147751059,0.4121061992768984,0.23855175638084258,0.45985505394658205,0.6781261342453792,0.4883466634037844,0.3626289423574338
0,scaffold,descriptors_basic,rf_reg,0.03938639322173267,0.1984600544737723,0.13959869080732337,0.931958575677583,0.29823812527109067,0.5461118248775526,0.39678008317872615,0.4776895437905976,0.3713992435685231,0.6094253387975619,0.4595608936877073,0.36129396410412307
2,scaffold,morgan,svm_reg,0.06341007422632297,0.2518135703776168,0.15510776891108702,0.8934236071704424,0.3434068586507422,0.5860092649871179,0.4474288012315672,0.33846911955495307,0.3261240575027635,0.571072725231002,0.4446840667089899,0.3580691114912713
2,scaffold,maccs,rf_reg,0.03695977218758119,0.1922492449597168,0.13703255947483428,0.9378799150195692,0.3477443830630531,0.5896985527055778,0.45951976400080036,0.3301134147367618,0.3265895828213498,0.5714801683535045,0.4288914307897739,0.3571527881642783
1,scaffold,morgan,ridge,0.01112904298535968,0.10549427939637145,0.06884245263619654,0.9808658881220313,0.574462624083622,0.7579331263928382,0.566799023446571,-0.14312819503094953,0.40749653258440427,0.638354550844908,0.49199256086964166,0.35559979370442696
2,scaffold,morgan,rf_reg,0.043236323352961493,0.20793345895492985,0.1460366552706554,0.927330610500088,0.3341508003620748,0.578057782892052,0.44265202102884954,0.3562997721319312,0.32767802881294344,0.5724316804763198,0.45677778038379563,0.3550103301443833
1,scaffold,fp2,lgbm_reg,0.0034020227419546173,0.058326861238666164,0.015512365644764653,0.9941509181120438,0.4469659540559688,0.6685551241714992,0.4829471327936748,0.11057854265918154,0.4108765574564652,0.640996534668063,0.5046813384916615,0.3502547452176915
0,scaffold,descriptors_basic,svm_reg,0.24018148647371013,0.4900831424092346,0.34708292259908446,0.585077761663914,0.27024495783280617,0.5198508996171942,0.40448605395106946,0.5267145436699603,0.3798023526460201,0.616281066272541,0.4800437126718688,0.34684289404668367
1,scaffold,fp2,svm_reg,0.08072095879216944,0.28411434105333266,0.18084306467265496,0.8612168307321572,0.39215658919067514,0.6262240726694202,0.46160093808988806,0.2196441767014331,0.41344646088874315,0.6429980255714189,0.504221787103404,0.3461907933322197
4,scaffold,descriptors_basic,knn_reg,0.20315993066666668,0.45073265986243627,0.3416773333333334,0.6376795282499387,0.6165387391304347,0.785199808412123,0.6312826086956521,0.06664187767823271,0.4249111875,0.6518521208832567,0.48459375,0.34403787766975613
0,scaffold,maccs,rf_reg,0.03789078205124932,0.19465554718848707,0.1381588060160267,0.9345422982768906,0.33478351507458876,0.5786048004247707,0.43843894498430863,0.4136868640417728,0.3843513642818503,0.6199607764059355,0.47378567994279613,0.33901982698481103
4,scaffold,fp2,lgbm_reg,0.0033457708776123128,0.0578426389233091,0.015549771507472929,0.994033069027115,0.47287168971005833,0.6876566655752406,0.5134848115379883,0.2841347925202674,0.428715262431402,0.6547635164174941,0.463380861320867,0.33816528796415857
0,scaffold,maccs,svm_reg,0.11271245676814387,0.33572675908861344,0.21573482083527754,0.8052851385957401,0.2898353090483088,0.5383635472878051,0.4058667529418482,0.4924055656633062,0.3853049381729798,0.6207293598445137,0.48417815778403517,0.3373799383461452
0,scaffold,morgan,rf_reg,0.04239131107249462,0.20589150315759663,0.14623990525326336,0.9267674709885433,0.4003159078767922,0.6327052298478275,0.45838098268398286,0.2989186601111047,0.38636940780851636,0.6215862030390606,0.47610482724252495,0.3355493390839803
4,scaffold,fp2,svm_reg,0.08348813919658964,0.2889431418057706,0.1852775332619994,0.8511051766951292,0.43645687802155897,0.6606488310907384,0.5125734005933658,0.3392620020614151,0.4340567626230161,0.6588298434520222,0.48501006945261993,0.32991927819742684
4,scaffold,fp2,rf_reg,0.044193053488563123,0.21022143917441705,0.1518493147986089,0.9211850095857557,0.45600523080037086,0.6752815937076702,0.5410594841583538,0.3096683809536013,0.4352736866347196,0.6597527465912663,0.5042114847582975,0.32804063606957823
1,scaffold,maccs,ridge,0.22478660557250685,0.4741166581892128,0.3661239727467884,0.6135254338264953,0.43086981347139225,0.6564067439258925,0.5078646901029586,0.14260839344845233,0.4264505089757712,0.6530317825158062,0.5292877680355548,0.3256266643154343
0,scaffold,morgan,svm_reg,0.061880764744074244,0.24875844657835086,0.15717684779009336,0.8930987321524032,0.33215263656273497,0.5763268487262544,0.43092928773115236,0.4182943747498983,0.39511022077999464,0.6285779353270322,0.48551905749573704,0.3205175098592391
4,scaffold,maccs,knn_reg,0.2056683893333333,0.4535067687844728,0.32843466666666665,0.6332058806931111,0.4033176086956522,0.6350729160463798,0.46610869565217383,0.38943047361077543,0.44070881250000005,0.6638590305930921,0.5165312500000001,0.31965009046239445
3,scaffold,morgan,ridge,0.011484837593697814,0.10716733454601647,0.06582522070165277,0.9808153782516494,0.4165000435739457,0.6453681457694869,0.4904249509999478,0.03971113811695037,0.4931624026258235,0.7022552261292354,0.49318043994624944,0.3164640913402176
3,scaffold,descriptors_basic,knn_reg,0.22508752352941178,0.4744338979556707,0.36000294117647064,0.6240069601372246,0.3447129811320755,0.5871226287004065,0.43898113207547174,0.2052244857235802,0.49559946268656735,0.7039882546510043,0.5376417910447759,0.3130862627502655
0,scaffold,maccs,xgb_reg,0.006237250492617312,0.07897626537522087,0.02299167145119916,0.9892249233133841,0.3537376067677548,0.5947584440491407,0.4341743862216494,0.38049218019545494,0.40623775482462005,0.6373678332208333,0.49575517368567895,0.30138116727908015
2,scaffold,descriptors_basic,knn_reg,0.21495370940170935,0.46363100565181076,0.3487578347578348,0.6387168560692666,0.503921897810219,0.7098745648424227,0.5625547445255474,0.029256730504113704,0.3573582686567164,0.5977945037023311,0.465223880597015,0.2965888114132671
0,scaffold,maccs,knn_reg,0.21375364199192465,0.4623349889332676,0.3324818304172275,0.6307328225421416,0.20745132467532468,0.45546824771363004,0.3671688311688312,0.6366863024842222,0.412022,0.6418893985726825,0.49379069767441863,0.2914338333235248
4,scaffold,maccs,ridge,0.21717205218528057,0.4660172230564881,0.36200292167417814,0.612689962334142,0.47644494236645657,0.6902499129782318,0.5447270321475426,0.27872536051172736,0.4603640192286369,0.6785013037781408,0.5419447054194694,0.28930711174156165
0,scaffold,maccs,ridge,0.22280289326495417,0.4720200136275518,0.3633530635631905,0.6150999124099026,0.40261100920745724,0.6345163585026451,0.48821430032994495,0.29489920276648507,0.41653403535182204,0.6453944804162971,0.532610254216231,0.2836743554481945
3,scaffold,maccs,ridge,0.22998935050961683,0.47957204934151115,0.37304996830460285,0.6158187993797144,0.3353506944649231,0.5790947197695063,0.4402000033085102,0.22681031685837671,0.5188299253421111,0.7202984973898746,0.5363665793995955,0.28088823768732896
2,scaffold,descriptors_basic,lgbm_reg,0.003940020068884436,0.06276957916765442,0.023105590534952473,0.9933778168257773,0.38528037770498763,0.6207095759733272,0.48690844245182613,0.2578049591589604,0.3663740204443407,0.6052883779194349,0.4558705875417349,0.27884252921648434
0,scaffold,descriptors_basic,xgb_reg,0.004059786870986795,0.06371645683013766,0.010187059848098975,0.9929865707785863,0.32700782581902627,0.5718459808541337,0.42188167819487193,0.42730458578249164,0.42116670867372463,0.6489735808750035,0.5020653581993145,0.2757074129617135
1,scaffold,fp2,xgb_reg,0.002988039104419091,0.05466295916266417,0.008990719289542252,0.994862678255901,0.4317643918477757,0.6570878113675338,0.4829209059214918,0.14082826412090865,0.46127828310957814,0.6791747073541373,0.5106063787057662,0.2705512881047367
2,scaffold,fp2,rf_reg,0.04592636565221316,0.21430437618539935,0.15655477355977385,0.9228093256993495,0.39512398698910545,0.6285888855119103,0.4811562625946641,0.2388424621894334,0.37082835367209876,0.608956774879875,0.4674323360255004,0.27007477958003057
1,scaffold,descriptors_basic,knn_reg,0.2148703743315508,0.46354112474682413,0.3426363636363637,0.6305743641093474,0.38012345,0.6165415233380473,0.501425,0.24358902551650652,0.46372579487179477,0.6809741513976832,0.521,0.2666808819580131
0,scaffold,maccs,lgbm_reg,0.008236589390602116,0.09075565762310422,0.04343906127456132,0.9857709927755903,0.36183032993525466,0.6015233411391903,0.4418423896158597,0.3663192305574732,0.42965654959287547,0.6554819216369552,0.5033989581381944,0.26110718764419216
2,scaffold,maccs,lgbm_reg,0.007335264794224465,0.08564616041729171,0.042682045894094,0.9876712640419278,0.4176269996670168,0.6462406669863919,0.4884048630641571,0.19549318882904076,0.3794723642337732,0.6160132825140812,0.459286077904572,0.2530602194686917
4,scaffold,morgan,ridge,0.011015627407455169,0.10495535911736556,0.06792356699924126,0.9803544561873248,0.5359872067938415,0.7321114715627952,0.5128252421841509,0.18858624580968597,0.49625282368094903,0.704452144351161,0.5036491442142399,0.2339033073019956
2,scaffold,fp2,lgbm_reg,0.003354268503959428,0.057916047033265555,0.01466945596538376,0.9943623179424478,0.4009485378963779,0.6332049730508896,0.46378862215908595,0.22762218457172945,0.3897266705939836,0.6242809228175915,0.4730413661942785,0.23287601090936216
0,scaffold,descriptors_basic,lgbm_reg,0.005605463828936717,0.0748696455777421,0.02606582138855919,0.9903163577136535,0.3410928849252377,0.5840315787054992,0.42720299913548804,0.4026371371093397,0.4464028047362952,0.6681338224759282,0.5114260941611457,0.23230816765700912
4,scaffold,morgan,knn_reg,0.2762490773333333,0.5255940233044258,0.38686399999999993,0.5073305267850496,0.482833304347826,0.6948620757731897,0.5471304347826087,0.2690542252444569,0.498941,0.7063575581814072,0.51475,0.22975340046189252
4,scaffold,fp2,xgb_reg,0.002896960536624808,0.053823419964034315,0.00850922195763327,0.99483348854852,0.4638423607143104,0.6810597335875249,0.517932391071024,0.29780400261594286,0.4989800859990623,0.7063852249297562,0.5297285781544634,0.22969306094706554
2,scaffold,maccs,knn_reg,0.20270924216524216,0.45023243126771995,0.3204672364672365,0.6592967271087591,0.36496817518248176,0.6041259596992019,0.46280291970802917,0.2969339074603614,0.39350131343283584,0.627296830402351,0.45835820895522394,0.225446139436826
4,scaffold,morgan,lgbm_reg,0.008977469210188575,0.0947495077042017,0.055057737409959354,0.9839893581934025,0.3347293011536432,0.5785579496935835,0.42713186659547914,0.4932641013742597,0.505786095048463,0.7111863996509374,0.4953870101659068,0.21918619675525441
3,scaffold,fp2,ridge,0.004630718461728599,0.06804938252275768,0.01883316094238321,0.9922647071509207,0.4476530324902236,0.6690687800893296,0.4726957284722143,-0.03211566894401097,0.5638304012399703,0.7508864103444477,0.5585966614411824,0.21851640840920794
0,scaffold,morgan,xgb_reg,0.008688009886963772,0.09320949461811158,0.05727208819274802,0.9849911474780566,0.41717186256048855,0.6458884288795461,0.4747517678243192,0.2693984860130286,0.4545820308558532,0.6742269876353609,0.511415658321145,0.21824211560659612
0,scaffold,descriptors_basic,knn_reg,0.22856749394347242,0.47808732878363597,0.35121938088829074,0.6051413554380007,0.25719693506493513,0.5071458715842367,0.3934805194805195,0.5495658096451692,0.4547513488372093,0.6743525404691594,0.5279999999999999,0.21795093457014925
2,scaffold,maccs,xgb_reg,0.004545299006777791,0.067418832730757,0.018424673006787597,0.9923604951045294,0.382865004885754,0.6187608624385951,0.468502601202523,0.26245787644194263,0.3996952372282793,0.6322145499972928,0.47544596383816373,0.2132542421698459
1,scaffold,morgan,knn_reg,0.2700392513368984,0.519653010514611,0.3833101604278075,0.5357227702938798,0.44774539999999996,0.6691378034455981,0.48884999999999995,0.10902751636474528,0.49875707692307686,0.7062273549807292,0.5673076923076922,0.21128368572305167
2,scaffold,fp2,svm_reg,0.07749691161600518,0.27838267118483717,0.18102827350397196,0.8697471750942025,0.3803489166356407,0.6167243441243752,0.4607001942606895,0.26730480955770697,0.4027750056033577,0.6346455747922282,0.4834468381683678,0.20719213664916258
3,scaffold,fp2,knn_reg,0.29289820588235294,0.5412007075774689,0.4077205882352941,0.5107339355232243,0.421014465408805,0.6488562748473694,0.4710314465408805,0.02930261818341673,0.5720087164179105,0.7563125785136133,0.5955223880597016,0.20718105099612305
3,scaffold,morgan,knn_reg,0.25847080588235294,0.5084002418197231,0.3786382352941177,0.5682425107547622,0.39916955974842766,0.631798670264846,0.4471446540880503,0.07966856632244024,0.5838363582089551,0.7640918519451408,0.578955223880597,0.19078763204143823
2,scaffold,fp2,xgb_reg,0.002960768756317143,0.05441294658734393,0.008367222256144571,0.9950236920883504,0.4140607127091149,0.6434754950338939,0.4826345271878216,0.2023631999885439,0.4137507772522599,0.6432346206884856,0.48863615615175243,0.18558782171269406
2,scaffold,morgan,lgbm_reg,0.008922741124433668,0.09446026214463767,0.05231289176335359,0.9850031154387243,0.4858765978789358,0.6970484903354542,0.5373957416283313,0.06401877107121157,0.42302473324679435,0.6504035157091284,0.4876671131222771,0.16733329962331422
0,scaffold,fp2,svm_reg,0.08019252351814025,0.28318284467485005,0.1829440904213491,0.8614645040111863,0.32233263545034824,0.5677434591876407,0.424311733098243,0.4354923411612194,0.49063611116246264,0.7004542177490708,0.5412971432274348,0.15623886947920462
0,scaffold,fp2,rf_reg,0.04547667120567866,0.21325259952853717,0.15371365308745397,0.92143739933594,0.34455507182765027,0.5869881360195027,0.44577969810348395,0.39657373921600325,0.5149655557947213,0.7176110059041189,0.5746162695644149,0.11439881889829628
4,scaffold,fp2,knn_reg,0.26997414399999997,0.51959036172739,0.38142400000000004,0.5185213989126043,0.5885327826086957,0.7671589031020207,0.5895217391304349,0.10903919245170934,0.5759765,0.758931156298119,0.56575,0.1108288544359739
0,scaffold,morgan,lgbm_reg,0.01005263681021458,0.1002628386303449,0.05653913302035044,0.9826337049215884,0.5640987112236295,0.7510650512596293,0.5602664989109056,0.0120825265430613,0.5222242484734086,0.7226508482478995,0.5602253295362525,0.1019158348672976
0,scaffold,morgan,knn_reg,0.25965871332436063,0.509567182346313,0.3755047106325707,0.5514301451048574,0.5164465974025974,0.7186421901075648,0.5607012987012988,0.09553663653178956,0.5449032558139534,0.7381756266729168,0.5626511627906977,0.06291408909809737
1,scaffold,fp2,knn_reg,0.2682743101604278,0.5179520346136578,0.38116042780748655,0.5387572254553028,0.4421256499999999,0.6649252965559364,0.514125,0.12021030599230875,0.5964696410256409,0.7723144702940901,0.5683589743589744,0.05676458818368901
2,scaffold,morgan,ridge,0.009831157019156376,0.09915219119694924,0.06334353508068472,0.9834762967047952,0.5324536860719944,0.7296942414957065,0.5636167353249759,-0.025706234078606505,0.4898839189271623,0.6999170800367442,0.5193450814245232,0.03573007845216525
0,scaffold,morgan,ridge,0.011382840134202328,0.10669039382344751,0.06682428913192065,0.9803357303826911,0.5662110745051105,0.752469982461168,0.5653300926153261,0.008383102037131773,0.5616643578339956,0.7494426981657741,0.6066177374470997,0.03408953650718083
0,scaffold,fp2,knn_reg,0.28068933512786,0.5298012222785636,0.3900619111709287,0.5150989823644571,0.4065442077922078,0.6376081930090044,0.4792727272727274,0.28801091259467737,0.5754648837209302,0.7585940177202363,0.5774651162790697,0.010356372438697248
0,scaffold,fp2,lgbm_reg,0.004692239640746652,0.06849992438497032,0.01732850859356892,0.9918939856558802,0.365097762064187,0.6042332017228009,0.45756179145516385,0.36059691063494603,0.6010533329810568,0.7752762946079654,0.6150357629970246,-0.03364882486495002
2,scaffold,morgan,knn_reg,0.26164986894586895,0.5115172225310395,0.37645014245014247,0.5602323517703567,0.47826052554744525,0.6915638260836415,0.5261751824817518,0.07869019334501126,0.547327880597015,0.7398161126908598,0.5578507462686569,-0.07734055373778714
0,scaffold,fp2,xgb_reg,0.004380730298336014,0.06618708558575467,0.01138342390609951,0.9924321293551023,0.3911669748653862,0.6254334296033321,0.4611672932031116,0.31494137139482514,0.6505196293112675,0.8065479708679871,0.5969111832994305,-0.11871744734234202
2,scaffold,fp2,knn_reg,0.2749631566951567,0.5243692941955667,0.3743760683760684,0.5378560621612836,0.5263858102189781,0.7255245069733882,0.5728175182481752,-0.014017221019145154,0.5862612537313434,0.7656769904674839,0.5914029850746269,-0.15397560789520548
1,scaffold,fp2,ridge,0.0038470809830092375,0.062024841660493074,0.021407239960093697,0.993385731546788,0.7595659674545234,0.8715308184192475,0.6473778879074884,-0.5114669553450955,0.7673076295547526,0.8759609749039923,0.6402746552003593,-0.21339239782324815
4,scaffold,fp2,ridge,0.003825714671119692,0.061852361887964245,0.021306989592159594,0.9931771253323791,0.927705630274039,0.9631747662153732,0.731416799378416,-0.4044236479951717,0.7975205255241263,0.8930400469878864,0.6553186407730793,-0.23118259042011524
2,scaffold,fp2,ridge,0.003875557895713576,0.06225397895487144,0.020514409356571024,0.9934861615324241,0.5878093188588146,0.7666872366609572,0.5670013523113205,-0.13234202067569734,0.8278724369706828,0.909874956777404,0.6931746854167622,-0.6295543883081167
0,scaffold,fp2,ridge,0.005008420839555113,0.07077019739660978,0.022735710715817353,0.9913477711551062,0.8641238265586595,0.9295826087866852,0.6808037727109961,-0.5133575214805646,1.0190335103135657,1.0094718967428293,0.7876662886017438,-0.7524614416651432
